INSERT INTO customer (customer_type, id_type, id_number, name, gender, phone, risk_level, fund_account)
VALUES
    ('个人', '身份证', '110101199001011234', '张三', '男', '13800138000', '低', 'A123456789'),
    ('个人', '护照', 'G12345678', '李四', '女', '13800138001', '中', 'A1234567890'),
    ('企业', '营业执照', '911101051234567890', '北京科技公司', '无', '13800138002', '高', NULL),
    ('个人', '身份证', '110101199502022345', '王五', '男', '13800138003', '中', 'A123456780'),
    ('个人', '护照', 'G98765432', '赵六', '女', '13800138004', '低', NULL);

INSERT INTO bankcard (card_number, bank_name, balance, last_updated, fund_account, trading_account)
VALUES
    ('6222021234567890123', '工商银行', 50000.00, '2024-08-24', 'A123456789', 'T123456789'),
    ('6222031234567890123', '建设银行', 15000.00, '2024-08-24', 'A1234567890', 'T1234567890'),
    ('6222041234567890123', '中国银行', 1000000.00, '2024-08-24','A123456788', 'T1234567891'),
    ('6222051234567890123', '农业银行', 25000.00, '2024-08-24', 'A123456780', 'T1234567892'),
    ('6222061234567890123', '交通银行', 10000.00, '2024-08-24', 'A123456781', 'T1234567893');

INSERT INTO product (product_code, product_net_value, net_value_date, product_name, risk_level, product_type, description, product_status)
VALUES
    ('P001', 1.0500, '2024-08-24', '稳健增长基金', '中', '基金', '这是一种中等风险的投资基金，适合寻求稳定收益的投资者。', 'ACTIVE'),
    ('P002', 0.9800, '2024-08-24', '货币市场基金', '低', '基金', '这是一种低风险的货币市场基金，主要投资于短期债券和其他短期金融工具。', 'ACTIVE'),
    ('P003', 2.1000, '2024-08-24', '高端成长基金', '高', '基金', '这是一种高风险高收益的成长型基金，专注于投资具有高成长潜力的企业。', 'ACTIVE'),
    ('P004', 1.2000, '2024-08-24', '平衡型基金', '中', '基金', '这是一种平衡型基金，旨在平衡风险与收益，适合保守型投资者。', 'ACTIVE'),
    ('P005', 1.5000, '2024-08-24', '指数增强基金', '中', '基金', '这是一种跟踪特定指数并试图超越指数表现的基金。', 'ACTIVE');

INSERT INTO holding (product_code, card_number, shares, update_date)
VALUES
    ('P001', '6222021234567890123', 100.0000, '2024-08-24'),
    ('P002', '6222031234567890123', 50.0000, '2024-08-24'),
    ('P003', '6222041234567890123', 2000.0000, '2024-08-24'),
    ('P004', '6222051234567890123', 150.0000, '2024-08-24'),
    ('P005', '6222061234567890123', 500.0000, '2024-08-24');